{
    "user":[
        {
            "userName":"soham1808",
            "passWord":"Soham@1808",
            "custName":"Soham Purohit",
            "age":"22",
            "gender":"Male",
            "emailId":"soham@gmail.com",
            "address":"Bikaner",
            "aadharNo":"1234567890",
            "phoneNo":"8288053888L"
        },
        {
            "userName":"praveen012",
            "passWord":"Praveen@012",
            "custName":"Praveen Kumar",
            "age":"25",
            "gender":"Male",
            "emailId":"praveen@gmail.com",
            "address":"Bihar",
            "aadharNo":"2345678901",
            "phoneNo":"9299653888L"
        },
        {
            "userName":"pooja3004",
            "passWord":"Pooja@3004",
            "custName":"Pooja",
            "age":"21",
            "gender":"FeMale",
            "emailId":"pooja@gmail.com",
            "address":"Haryana",
            "aadharNo":"2345678901",
            "phoneNo":"9299653888L"

        },
        {
            "userName":"om012",
            "passWord":"om@012",
            "custName":"om gupta",
            "age":"21",
            "gender":"Male",
            "emailId":"om@gmail.com",
            "address":"Kanpur",
            "aadharNo":"2345678901",
            "phoneNo":"9299653888L"

        }
    ],

    "account":[
        {
            "userName":"soham1808",
            "accNo":"100000000011",
            "balance":"50000",
            "serviceId":"0"
        },
        {
            "userName":"praveen012",
            "accNo":"100000000012",
            "balance":"10000",
            "serviceId":"0"
        },{
            "userName":"pooja3004",
            "accNo":"100000000013",
            "balance":"100000",
            "serviceId":"0"
        },
        {
            "userName":"om012",
            "accNo":"100000000014",
            "balance":"100000",
            "serviceId":"0"
        }
    ],

    "transfer":[
        {
            "userName":"soham1808",
            "amtTransfer":"1000",
            "balance":"50000",
            "date":"2020-01-02",
            "amtReceived":"0",
            "senderAccountNumber":"100000000013",
            "receiverAccountNumber":"100000000011"
        },
        {
            "userName":"praveen012",
            "amtTransfer":"0",
            "balance":"10000",
            "date":"2020-01-02",
            "amtReceived":"1000",
            "senderAccountNumber":"100000000014",
            "receiverAccountNumber":"100000000012"
        },
        {
            "userName":"pooja3004",
            "amtTransfer":"0",
            "balance":"100000",
            "date":"2020-01-02",
            "amtReceived":"1000",
            "senderAccountNumber":"100000000013",
            "receiverAccountNumber":"100000000011"
        },
        {
            "userName":"om012",
            "amtTransfer":"1000",
            "balance":"100000",
            "date":"2020-01-02",
            "amtReceived":"0",
            "senderAccountNumber":"100000000014",
            "receiverAccountNumber":"100000000012"
        }
    ]
}

    